<application>
  <component name="FileTypeManager" version="18">
    <extensionMap>
      <mapping pattern="test_extend.py" type="AUTO_DETECTED" />
      <mapping pattern="cli-job-client" type="AUTO_DETECTED" />
      <mapping pattern="infra-model-manager-cli" type="AUTO_DETECTED" />
      <mapping pattern="get_device_count" type="AUTO_DETECTED" />
      <mapping pattern="amd64_amd64" type="AUTO_DETECTED" />
      <mapping ext="gitlb-ci" type="PLAIN_TEXT" />
      <mapping ext="pyx" type="PLAIN_TEXT" />
      <mapping ext="data" type="PLAIN_TEXT" />
      <mapping ext="pxd" type="PLAIN_TEXT" />
      <mapping ext="model" type="PLAIN_TEXT" />
      <mapping ext="norm" type="PLAIN_TEXT" />
      <removed_mapping ext="apk" approved="true" type="ARCHIVE" />
      <removed_mapping ext="psd" approved="true" type="Image" />
    </extensionMap>
  </component>
</application>