<application>
  <component name="FileTypeManager" version="18">
    <extensionMap>
      <mapping pattern="test_extend.py" type="AUTO_DETECTED" />
      <mapping pattern="cli-job-client" type="AUTO_DETECTED" />
      <mapping pattern="infra-model-manager-cli" type="AUTO_DETECTED" />
      <mapping pattern="get_device_count" type="AUTO_DETECTED" />
      <mapping pattern="LICENSE" type="AUTO_DETECTED" />
      <mapping pattern="amd64_amd64" type="AUTO_DETECTED" />
      <mapping ext="tmp" type="PLAIN_TEXT" />
      <mapping ext="gitlb-ci" type="PLAIN_TEXT" />
      <mapping ext="pyx" type="PLAIN_TEXT" />
      <mapping ext="data" type="PLAIN_TEXT" />
      <mapping ext="pyutils-base-amd64-cuda11" type="PLAIN_TEXT" />
      <mapping ext="pyutils-base-amd64-cuda10" type="PLAIN_TEXT" />
      <mapping ext="pxd" type="PLAIN_TEXT" />
      <mapping ext="model" type="PLAIN_TEXT" />
      <mapping ext="norm" type="PLAIN_TEXT" />
    </extensionMap>
  </component>
</application>