<application>
  <component name="ProjectJdkTable">
    <jdk version="2">
      <name value="1.8" />
      <type value="JavaSDK" />
      <version value="java version &quot;1.8.0_261&quot;" />
      <homePath value="/Library/Java/JavaVirtualMachines/jdk1.8.0_261.jdk/Contents/Home" />
      <roots>
        <classPath>
          <root type="composite">
            <root url="jar:///Library/Java/JavaVirtualMachines/jdk1.8.0_261.jdk/Contents/Home/jre/lib/charsets.jar!/" type="simple" />
            <root url="jar:///Library/Java/JavaVirtualMachines/jdk1.8.0_261.jdk/Contents/Home/jre/lib/deploy.jar!/" type="simple" />
            <root url="jar:///Library/Java/JavaVirtualMachines/jdk1.8.0_261.jdk/Contents/Home/jre/lib/ext/cldrdata.jar!/" type="simple" />
            <root url="jar:///Library/Java/JavaVirtualMachines/jdk1.8.0_261.jdk/Contents/Home/jre/lib/ext/dnsns.jar!/" type="simple" />
            <root url="jar:///Library/Java/JavaVirtualMachines/jdk1.8.0_261.jdk/Contents/Home/jre/lib/ext/jaccess.jar!/" type="simple" />
            <root url="jar:///Library/Java/JavaVirtualMachines/jdk1.8.0_261.jdk/Contents/Home/jre/lib/ext/jfxrt.jar!/" type="simple" />
            <root url="jar:///Library/Java/JavaVirtualMachines/jdk1.8.0_261.jdk/Contents/Home/jre/lib/ext/localedata.jar!/" type="simple" />
            <root url="jar:///Library/Java/JavaVirtualMachines/jdk1.8.0_261.jdk/Contents/Home/jre/lib/ext/nashorn.jar!/" type="simple" />
            <root url="jar:///Library/Java/JavaVirtualMachines/jdk1.8.0_261.jdk/Contents/Home/jre/lib/ext/sunec.jar!/" type="simple" />
            <root url="jar:///Library/Java/JavaVirtualMachines/jdk1.8.0_261.jdk/Contents/Home/jre/lib/ext/sunjce_provider.jar!/" type="simple" />
            <root url="jar:///Library/Java/JavaVirtualMachines/jdk1.8.0_261.jdk/Contents/Home/jre/lib/ext/sunpkcs11.jar!/" type="simple" />
            <root url="jar:///Library/Java/JavaVirtualMachines/jdk1.8.0_261.jdk/Contents/Home/jre/lib/ext/zipfs.jar!/" type="simple" />
            <root url="jar:///Library/Java/JavaVirtualMachines/jdk1.8.0_261.jdk/Contents/Home/jre/lib/javaws.jar!/" type="simple" />
            <root url="jar:///Library/Java/JavaVirtualMachines/jdk1.8.0_261.jdk/Contents/Home/jre/lib/jce.jar!/" type="simple" />
            <root url="jar:///Library/Java/JavaVirtualMachines/jdk1.8.0_261.jdk/Contents/Home/jre/lib/jfr.jar!/" type="simple" />
            <root url="jar:///Library/Java/JavaVirtualMachines/jdk1.8.0_261.jdk/Contents/Home/jre/lib/jfxswt.jar!/" type="simple" />
            <root url="jar:///Library/Java/JavaVirtualMachines/jdk1.8.0_261.jdk/Contents/Home/jre/lib/jsse.jar!/" type="simple" />
            <root url="jar:///Library/Java/JavaVirtualMachines/jdk1.8.0_261.jdk/Contents/Home/jre/lib/management-agent.jar!/" type="simple" />
            <root url="jar:///Library/Java/JavaVirtualMachines/jdk1.8.0_261.jdk/Contents/Home/jre/lib/plugin.jar!/" type="simple" />
            <root url="jar:///Library/Java/JavaVirtualMachines/jdk1.8.0_261.jdk/Contents/Home/jre/lib/resources.jar!/" type="simple" />
            <root url="jar:///Library/Java/JavaVirtualMachines/jdk1.8.0_261.jdk/Contents/Home/jre/lib/rt.jar!/" type="simple" />
            <root url="jar:///Library/Java/JavaVirtualMachines/jdk1.8.0_261.jdk/Contents/Home/lib/ant-javafx.jar!/" type="simple" />
            <root url="jar:///Library/Java/JavaVirtualMachines/jdk1.8.0_261.jdk/Contents/Home/lib/dt.jar!/" type="simple" />
            <root url="jar:///Library/Java/JavaVirtualMachines/jdk1.8.0_261.jdk/Contents/Home/lib/javafx-mx.jar!/" type="simple" />
            <root url="jar:///Library/Java/JavaVirtualMachines/jdk1.8.0_261.jdk/Contents/Home/lib/jconsole.jar!/" type="simple" />
            <root url="jar:///Library/Java/JavaVirtualMachines/jdk1.8.0_261.jdk/Contents/Home/lib/packager.jar!/" type="simple" />
            <root url="jar:///Library/Java/JavaVirtualMachines/jdk1.8.0_261.jdk/Contents/Home/lib/sa-jdi.jar!/" type="simple" />
            <root url="jar:///Library/Java/JavaVirtualMachines/jdk1.8.0_261.jdk/Contents/Home/lib/tools.jar!/" type="simple" />
          </root>
        </classPath>
        <sourcePath>
          <root type="composite">
            <root url="jar:///Library/Java/JavaVirtualMachines/jdk1.8.0_261.jdk/Contents/Home/src.zip!/" type="simple" />
            <root url="jar:///Library/Java/JavaVirtualMachines/jdk1.8.0_261.jdk/Contents/Home/javafx-src.zip!/" type="simple" />
          </root>
        </sourcePath>
      </roots>
      <additional />
    </jdk>
    <jdk version="2">
      <name value="Python 3.8" />
      <type value="Python SDK" />
      <version value="Python 3.8.3" />
      <homePath value="/usr/local/bin/python3.8" />
      <roots>
        <classPath>
          <root type="composite">
            <root url="file:///Library/Frameworks/Python.framework/Versions/3.8/lib/python3.8" type="simple" />
            <root url="file:///Library/Frameworks/Python.framework/Versions/3.8/lib/python3.8/lib-dynload" type="simple" />
            <root url="file://$USER_HOME$/Library/Python/3.8/lib/python/site-packages" type="simple" />
            <root url="file:///Library/Frameworks/Python.framework/Versions/3.8/lib/python3.8/site-packages" type="simple" />
            <root url="file://$USER_HOME$/Library/Caches/JetBrains/PyCharmCE2020.3/python_stubs/-1199943125" type="simple" />
            <root url="file://$APPLICATION_HOME_DIR$/plugins/python-ce/helpers/python-skeletons" type="simple" />
            <root url="file://$APPLICATION_HOME_DIR$/plugins/python-ce/helpers/typeshed/stdlib/3.7" type="simple" />
            <root url="file://$APPLICATION_HOME_DIR$/plugins/python-ce/helpers/typeshed/stdlib/3" type="simple" />
            <root url="file://$APPLICATION_HOME_DIR$/plugins/python-ce/helpers/typeshed/stdlib/2and3" type="simple" />
            <root url="file://$APPLICATION_HOME_DIR$/plugins/python-ce/helpers/typeshed/third_party/3" type="simple" />
            <root url="file://$APPLICATION_HOME_DIR$/plugins/python-ce/helpers/typeshed/third_party/2and3" type="simple" />
          </root>
        </classPath>
        <sourcePath>
          <root type="composite" />
        </sourcePath>
      </roots>
      <additional />
    </jdk>
    <jdk version="2">
      <name value="Python 3.8 (pyutils)" />
      <type value="Python SDK" />
      <version value="Python 3.8.5" />
      <homePath value="$USER_HOME$/anaconda3/envs/pyutils/bin/python" />
      <roots>
        <classPath>
          <root type="composite">
            <root url="file://$USER_HOME$/anaconda3/envs/pyutils/lib/python3.8" type="simple" />
            <root url="file://$USER_HOME$/anaconda3/envs/pyutils/lib/python3.8/lib-dynload" type="simple" />
            <root url="file://$USER_HOME$/anaconda3/envs/pyutils/lib/python3.8/site-packages" type="simple" />
            <root url="file://$USER_HOME$/Library/Caches/JetBrains/PyCharmCE2020.3/python_stubs/876062307" type="simple" />
            <root url="file://$APPLICATION_HOME_DIR$/plugins/python-ce/helpers/python-skeletons" type="simple" />
            <root url="file://$APPLICATION_HOME_DIR$/plugins/python-ce/helpers/typeshed/stdlib/3.7" type="simple" />
            <root url="file://$APPLICATION_HOME_DIR$/plugins/python-ce/helpers/typeshed/stdlib/3" type="simple" />
            <root url="file://$APPLICATION_HOME_DIR$/plugins/python-ce/helpers/typeshed/stdlib/2and3" type="simple" />
            <root url="file://$APPLICATION_HOME_DIR$/plugins/python-ce/helpers/typeshed/third_party/3" type="simple" />
            <root url="file://$APPLICATION_HOME_DIR$/plugins/python-ce/helpers/typeshed/third_party/2and3" type="simple" />
          </root>
        </classPath>
        <sourcePath>
          <root type="composite" />
        </sourcePath>
      </roots>
      <additional ASSOCIATED_PROJECT_PATH="$USER_HOME$/projects/pyutils" />
    </jdk>
    <jdk version="2">
      <name value="Python 3.8 (base)" />
      <type value="Python SDK" />
      <homePath value="$USER_HOME$/anaconda3/bin/python3.8" />
      <roots>
        <classPath>
          <root type="composite">
            <root url="file://$USER_HOME$/anaconda3/lib/python3.8" type="simple" />
            <root url="file://$USER_HOME$/anaconda3/lib/python3.8/lib-dynload" type="simple" />
            <root url="file://$USER_HOME$/anaconda3/lib/python3.8/site-packages" type="simple" />
            <root url="file://$USER_HOME$/anaconda3/lib/python3.8/site-packages/aeosa" type="simple" />
            <root url="jar://$USER_HOME$/anaconda3/lib/python3.8/site-packages/viper_batchmgr-3.0.0-py3.8.egg!/" type="simple" />
            <root url="file://$USER_HOME$/anaconda3/lib/python3.8/site-packages/protoc_gen_swagger-0.1.0-py3.8.egg" type="simple" />
            <root url="file://$USER_HOME$/anaconda3/lib/python3.8/site-packages/googleapis_common_protos-1.52.0-py3.8.egg" type="simple" />
            <root url="file://$USER_HOME$/anaconda3/lib/python3.8/site-packages/grpcio-1.33.0rc2-py3.8-macosx-10.9-x86_64.egg" type="simple" />
            <root url="file://$USER_HOME$/anaconda3/lib/python3.8/site-packages/protobuf-4.0.0rc2-py3.8.egg" type="simple" />
            <root url="file://$USER_HOME$/anaconda3/lib/python3.8/site-packages/viper_sparkutils-3.2.0-py3.8.egg" type="simple" />
            <root url="file://$USER_HOME$/anaconda3/lib/python3.8/site-packages/scipy-1.4.1-py3.8-macosx-10.9-x86_64.egg" type="simple" />
            <root url="jar://$USER_HOME$/anaconda3/lib/python3.8/site-packages/Cerberus-1.3.2-py3.8.egg!/" type="simple" />
            <root url="jar://$USER_HOME$/anaconda3/lib/python3.8/site-packages/docstring_parser-0.6-py3.8.egg!/" type="simple" />
            <root url="file://$USER_HOME$/anaconda3/lib/python3.8/site-packages/minio-5.0.4-py3.8.egg" type="simple" />
            <root url="file://$USER_HOME$/anaconda3/lib/python3.8/site-packages/kafka_python-1.4.7-py3.8.egg" type="simple" />
            <root url="file://$USER_HOME$/projects/playground" type="simple" />
            <root url="jar://$USER_HOME$/anaconda3/lib/python3.8/site-packages/feature_search_offline-1.0-py3.8.egg!/" type="simple" />
            <root url="file://$USER_HOME$/Library/Caches/JetBrains/PyCharmCE2020.2/python_stubs/-35940760" type="simple" />
            <root url="file://$APPLICATION_HOME_DIR$/plugins/python-ce/helpers/python-skeletons" type="simple" />
            <root url="file://$APPLICATION_HOME_DIR$/plugins/python-ce/helpers/typeshed/stdlib/3.7" type="simple" />
            <root url="file://$APPLICATION_HOME_DIR$/plugins/python-ce/helpers/typeshed/stdlib/3" type="simple" />
            <root url="file://$APPLICATION_HOME_DIR$/plugins/python-ce/helpers/typeshed/stdlib/2and3" type="simple" />
            <root url="file://$APPLICATION_HOME_DIR$/plugins/python-ce/helpers/typeshed/third_party/3" type="simple" />
            <root url="file://$APPLICATION_HOME_DIR$/plugins/python-ce/helpers/typeshed/third_party/2and3" type="simple" />
          </root>
        </classPath>
        <sourcePath>
          <root type="composite" />
        </sourcePath>
      </roots>
      <additional ASSOCIATED_PROJECT_PATH="$USER_HOME$/projects/pyutils" />
    </jdk>
    <jdk version="2">
      <name value="Python 3.7 (base)" />
      <type value="Python SDK" />
      <version value="Python 3.7.5" />
      <homePath value="$USER_HOME$/anaconda3/bin/python" />
      <roots>
        <classPath>
          <root type="composite">
            <root url="file://$USER_HOME$/anaconda3/lib/python3.7" type="simple" />
            <root url="file://$USER_HOME$/anaconda3/lib/python3.7/lib-dynload" type="simple" />
            <root url="file://$USER_HOME$/anaconda3/lib/python3.7/site-packages" type="simple" />
            <root url="file://$USER_HOME$/anaconda3/lib/python3.7/site-packages/aeosa" type="simple" />
            <root url="file://$USER_HOME$/anaconda3/lib/python3.7/site-packages/viper_sparkutils-3.2.0-py3.7.egg" type="simple" />
            <root url="file://$USER_HOME$/anaconda3/lib/python3.7/site-packages/scipy-1.4.1-py3.7-macosx-10.7-x86_64.egg" type="simple" />
            <root url="jar://$USER_HOME$/anaconda3/lib/python3.7/site-packages/Cerberus-1.3.2-py3.7.egg!/" type="simple" />
            <root url="jar://$USER_HOME$/anaconda3/lib/python3.7/site-packages/docstring_parser-0.6-py3.7.egg!/" type="simple" />
            <root url="file://$USER_HOME$/anaconda3/lib/python3.7/site-packages/minio-5.0.4-py3.7.egg" type="simple" />
            <root url="file://$USER_HOME$/anaconda3/lib/python3.7/site-packages/kafka_python-1.4.7-py3.7.egg" type="simple" />
            <root url="file://$USER_HOME$/anaconda3/lib/python3.7/site-packages/protoc_gen_swagger-0.1.0-py3.7.egg" type="simple" />
            <root url="file://$USER_HOME$/anaconda3/lib/python3.7/site-packages/cassandra_driver-3.20.1-py3.7-macosx-10.7-x86_64.egg" type="simple" />
            <root url="file://$USER_HOME$/anaconda3/lib/python3.7/site-packages/numpy-1.17.3-py3.7-macosx-10.7-x86_64.egg" type="simple" />
            <root url="jar://$USER_HOME$/anaconda3/lib/python3.7/site-packages/guess_who_am_i-1.0-py3.7.egg!/" type="simple" />
            <root url="jar://$USER_HOME$/anaconda3/lib/python3.7/site-packages/cluster_statistic_report-0.1.0-py3.7.egg!/" type="simple" />
            <root url="file://$USER_HOME$/Library/Caches/JetBrains/PyCharmCE2020.3/python_stubs/273921717" type="simple" />
            <root url="file://$APPLICATION_HOME_DIR$/plugins/python-ce/helpers/python-skeletons" type="simple" />
            <root url="file://$APPLICATION_HOME_DIR$/plugins/python-ce/helpers/typeshed/stdlib/3.7" type="simple" />
            <root url="file://$APPLICATION_HOME_DIR$/plugins/python-ce/helpers/typeshed/stdlib/3" type="simple" />
            <root url="file://$APPLICATION_HOME_DIR$/plugins/python-ce/helpers/typeshed/stdlib/2and3" type="simple" />
            <root url="file://$APPLICATION_HOME_DIR$/plugins/python-ce/helpers/typeshed/third_party/3" type="simple" />
            <root url="file://$APPLICATION_HOME_DIR$/plugins/python-ce/helpers/typeshed/third_party/2and3" type="simple" />
          </root>
        </classPath>
        <sourcePath>
          <root type="composite" />
        </sourcePath>
      </roots>
      <additional ASSOCIATED_PROJECT_PATH="$USER_HOME$/projects/pyutils" />
    </jdk>
    <jdk version="2">
      <name value="Python 3.7 (base) (2)" />
      <type value="Python SDK" />
      <version value="Python 3.7.5" />
      <homePath value="$USER_HOME$/anaconda3/bin/python" />
      <roots>
        <classPath>
          <root type="composite">
            <root url="file://$USER_HOME$/anaconda3/lib/python3.7" type="simple" />
            <root url="file://$USER_HOME$/anaconda3/lib/python3.7/lib-dynload" type="simple" />
            <root url="file://$USER_HOME$/anaconda3/lib/python3.7/site-packages" type="simple" />
            <root url="file://$USER_HOME$/anaconda3/lib/python3.7/site-packages/aeosa" type="simple" />
            <root url="file://$USER_HOME$/anaconda3/lib/python3.7/site-packages/viper_sparkutils-3.2.0-py3.7.egg" type="simple" />
            <root url="file://$USER_HOME$/anaconda3/lib/python3.7/site-packages/scipy-1.4.1-py3.7-macosx-10.7-x86_64.egg" type="simple" />
            <root url="jar://$USER_HOME$/anaconda3/lib/python3.7/site-packages/Cerberus-1.3.2-py3.7.egg!/" type="simple" />
            <root url="jar://$USER_HOME$/anaconda3/lib/python3.7/site-packages/docstring_parser-0.6-py3.7.egg!/" type="simple" />
            <root url="file://$USER_HOME$/anaconda3/lib/python3.7/site-packages/minio-5.0.4-py3.7.egg" type="simple" />
            <root url="file://$USER_HOME$/anaconda3/lib/python3.7/site-packages/kafka_python-1.4.7-py3.7.egg" type="simple" />
            <root url="file://$USER_HOME$/anaconda3/lib/python3.7/site-packages/protoc_gen_swagger-0.1.0-py3.7.egg" type="simple" />
            <root url="file://$USER_HOME$/anaconda3/lib/python3.7/site-packages/cassandra_driver-3.20.1-py3.7-macosx-10.7-x86_64.egg" type="simple" />
            <root url="file://$USER_HOME$/anaconda3/lib/python3.7/site-packages/numpy-1.17.3-py3.7-macosx-10.7-x86_64.egg" type="simple" />
            <root url="jar://$USER_HOME$/anaconda3/lib/python3.7/site-packages/guess_who_am_i-1.0-py3.7.egg!/" type="simple" />
            <root url="jar://$USER_HOME$/anaconda3/lib/python3.7/site-packages/cluster_statistic_report-0.1.0-py3.7.egg!/" type="simple" />
            <root url="file://$USER_HOME$/Library/Caches/JetBrains/PyCharmCE2020.3/python_stubs/273921717" type="simple" />
            <root url="file://$APPLICATION_HOME_DIR$/plugins/python-ce/helpers/python-skeletons" type="simple" />
            <root url="file://$APPLICATION_HOME_DIR$/plugins/python-ce/helpers/typeshed/stdlib/3.7" type="simple" />
            <root url="file://$APPLICATION_HOME_DIR$/plugins/python-ce/helpers/typeshed/stdlib/3" type="simple" />
            <root url="file://$APPLICATION_HOME_DIR$/plugins/python-ce/helpers/typeshed/stdlib/2and3" type="simple" />
            <root url="file://$APPLICATION_HOME_DIR$/plugins/python-ce/helpers/typeshed/third_party/3" type="simple" />
            <root url="file://$APPLICATION_HOME_DIR$/plugins/python-ce/helpers/typeshed/third_party/2and3" type="simple" />
          </root>
        </classPath>
        <sourcePath>
          <root type="composite" />
        </sourcePath>
      </roots>
      <additional ASSOCIATED_PROJECT_PATH="$USER_HOME$/projects/playground" />
    </jdk>
    <jdk version="2">
      <name value="Python 3.7 (base) (3)" />
      <type value="Python SDK" />
      <version value="Python 3.7.5" />
      <homePath value="$USER_HOME$/anaconda3/bin/python" />
      <roots>
        <classPath>
          <root type="composite">
            <root url="file://$USER_HOME$/anaconda3/lib/python3.7" type="simple" />
            <root url="file://$USER_HOME$/anaconda3/lib/python3.7/lib-dynload" type="simple" />
            <root url="file://$USER_HOME$/anaconda3/lib/python3.7/site-packages" type="simple" />
            <root url="file://$USER_HOME$/anaconda3/lib/python3.7/site-packages/aeosa" type="simple" />
            <root url="file://$USER_HOME$/anaconda3/lib/python3.7/site-packages/viper_sparkutils-3.2.0-py3.7.egg" type="simple" />
            <root url="file://$USER_HOME$/anaconda3/lib/python3.7/site-packages/scipy-1.4.1-py3.7-macosx-10.7-x86_64.egg" type="simple" />
            <root url="jar://$USER_HOME$/anaconda3/lib/python3.7/site-packages/Cerberus-1.3.2-py3.7.egg!/" type="simple" />
            <root url="jar://$USER_HOME$/anaconda3/lib/python3.7/site-packages/docstring_parser-0.6-py3.7.egg!/" type="simple" />
            <root url="file://$USER_HOME$/anaconda3/lib/python3.7/site-packages/minio-5.0.4-py3.7.egg" type="simple" />
            <root url="file://$USER_HOME$/anaconda3/lib/python3.7/site-packages/kafka_python-1.4.7-py3.7.egg" type="simple" />
            <root url="file://$USER_HOME$/anaconda3/lib/python3.7/site-packages/protoc_gen_swagger-0.1.0-py3.7.egg" type="simple" />
            <root url="file://$USER_HOME$/anaconda3/lib/python3.7/site-packages/cassandra_driver-3.20.1-py3.7-macosx-10.7-x86_64.egg" type="simple" />
            <root url="file://$USER_HOME$/anaconda3/lib/python3.7/site-packages/numpy-1.17.3-py3.7-macosx-10.7-x86_64.egg" type="simple" />
            <root url="jar://$USER_HOME$/anaconda3/lib/python3.7/site-packages/guess_who_am_i-1.0-py3.7.egg!/" type="simple" />
            <root url="jar://$USER_HOME$/anaconda3/lib/python3.7/site-packages/cluster_statistic_report-0.1.0-py3.7.egg!/" type="simple" />
            <root url="file://$USER_HOME$/Library/Caches/JetBrains/PyCharmCE2020.3/python_stubs/273921717" type="simple" />
            <root url="file://$APPLICATION_HOME_DIR$/plugins/python-ce/helpers/python-skeletons" type="simple" />
            <root url="file://$APPLICATION_HOME_DIR$/plugins/python-ce/helpers/typeshed/stdlib/3.7" type="simple" />
            <root url="file://$APPLICATION_HOME_DIR$/plugins/python-ce/helpers/typeshed/stdlib/3" type="simple" />
            <root url="file://$APPLICATION_HOME_DIR$/plugins/python-ce/helpers/typeshed/stdlib/2and3" type="simple" />
            <root url="file://$APPLICATION_HOME_DIR$/plugins/python-ce/helpers/typeshed/third_party/3" type="simple" />
            <root url="file://$APPLICATION_HOME_DIR$/plugins/python-ce/helpers/typeshed/third_party/2and3" type="simple" />
          </root>
        </classPath>
        <sourcePath>
          <root type="composite" />
        </sourcePath>
      </roots>
      <additional />
    </jdk>
    <jdk version="2">
      <name value="Python 3.7 (base) (4)" />
      <type value="Python SDK" />
      <version value="Python 3.7.11" />
      <homePath value="$USER_HOME$/miniconda3/bin/python" />
      <roots>
        <classPath>
          <root type="composite">
            <root url="file://$USER_HOME$/miniconda3/lib/python3.7" type="simple" />
            <root url="file://$USER_HOME$/miniconda3/lib/python3.7/lib-dynload" type="simple" />
            <root url="file://$USER_HOME$/miniconda3/lib/python3.7/site-packages" type="simple" />
            <root url="file://$USER_HOME$/Library/Caches/JetBrains/PyCharmCE2021.3/python_stubs/709739070" type="simple" />
            <root url="file://$APPLICATION_HOME_DIR$/plugins/python-ce/helpers/python-skeletons" type="simple" />
            <root url="file://$APPLICATION_HOME_DIR$/plugins/python-ce/helpers/typeshed/stdlib" type="simple" />
            <root url="file://$APPLICATION_HOME_DIR$/plugins/python-ce/helpers/typeshed/stubs/six" type="simple" />
            <root url="file://$APPLICATION_HOME_DIR$/plugins/python-ce/helpers/typeshed/stubs/boto" type="simple" />
            <root url="file://$APPLICATION_HOME_DIR$/plugins/python-ce/helpers/typeshed/stubs/mock" type="simple" />
            <root url="file://$APPLICATION_HOME_DIR$/plugins/python-ce/helpers/typeshed/stubs/pytz" type="simple" />
            <root url="file://$APPLICATION_HOME_DIR$/plugins/python-ce/helpers/typeshed/stubs/toml" type="simple" />
            <root url="file://$APPLICATION_HOME_DIR$/plugins/python-ce/helpers/typeshed/stubs/annoy" type="simple" />
            <root url="file://$APPLICATION_HOME_DIR$/plugins/python-ce/helpers/typeshed/stubs/babel" type="simple" />
            <root url="file://$APPLICATION_HOME_DIR$/plugins/python-ce/helpers/typeshed/stubs/click" type="simple" />
            <root url="file://$APPLICATION_HOME_DIR$/plugins/python-ce/helpers/typeshed/stubs/emoji" type="simple" />
            <root url="file://$APPLICATION_HOME_DIR$/plugins/python-ce/helpers/typeshed/stubs/first" type="simple" />
            <root url="file://$APPLICATION_HOME_DIR$/plugins/python-ce/helpers/typeshed/stubs/polib" type="simple" />
            <root url="file://$APPLICATION_HOME_DIR$/plugins/python-ce/helpers/typeshed/stubs/redis" type="simple" />
            <root url="file://$APPLICATION_HOME_DIR$/plugins/python-ce/helpers/typeshed/stubs/retry" type="simple" />
            <root url="file://$APPLICATION_HOME_DIR$/plugins/python-ce/helpers/typeshed/stubs/ujson" type="simple" />
            <root url="file://$APPLICATION_HOME_DIR$/plugins/python-ce/helpers/typeshed/stubs/bleach" type="simple" />
            <root url="file://$APPLICATION_HOME_DIR$/plugins/python-ce/helpers/typeshed/stubs/caldav" type="simple" />
            <root url="file://$APPLICATION_HOME_DIR$/plugins/python-ce/helpers/typeshed/stubs/docopt" type="simple" />
            <root url="file://$APPLICATION_HOME_DIR$/plugins/python-ce/helpers/typeshed/stubs/enum34" type="simple" />
            <root url="file://$APPLICATION_HOME_DIR$/plugins/python-ce/helpers/typeshed/stubs/orjson" type="simple" />
            <root url="file://$APPLICATION_HOME_DIR$/plugins/python-ce/helpers/typeshed/stubs/Pillow" type="simple" />
            <root url="file://$APPLICATION_HOME_DIR$/plugins/python-ce/helpers/typeshed/stubs/psutil" type="simple" />
            <root url="file://$APPLICATION_HOME_DIR$/plugins/python-ce/helpers/typeshed/stubs/pycurl" type="simple" />
            <root url="file://$APPLICATION_HOME_DIR$/plugins/python-ce/helpers/typeshed/stubs/pysftp" type="simple" />
            <root url="file://$APPLICATION_HOME_DIR$/plugins/python-ce/helpers/typeshed/stubs/PyYAML" type="simple" />
            <root url="file://$APPLICATION_HOME_DIR$/plugins/python-ce/helpers/typeshed/stubs/stripe" type="simple" />
            <root url="file://$APPLICATION_HOME_DIR$/plugins/python-ce/helpers/typeshed/stubs/xxhash" type="simple" />
            <root url="file://$APPLICATION_HOME_DIR$/plugins/python-ce/helpers/typeshed/stubs/appdirs" type="simple" />
            <root url="file://$APPLICATION_HOME_DIR$/plugins/python-ce/helpers/typeshed/stubs/certifi" type="simple" />
            <root url="file://$APPLICATION_HOME_DIR$/plugins/python-ce/helpers/typeshed/stubs/chardet" type="simple" />
            <root url="file://$APPLICATION_HOME_DIR$/plugins/python-ce/helpers/typeshed/stubs/futures" type="simple" />
            <root url="file://$APPLICATION_HOME_DIR$/plugins/python-ce/helpers/typeshed/stubs/pyaudio" type="simple" />
            <root url="file://$APPLICATION_HOME_DIR$/plugins/python-ce/helpers/typeshed/stubs/PyMySQL" type="simple" />
            <root url="file://$APPLICATION_HOME_DIR$/plugins/python-ce/helpers/typeshed/stubs/pyvmomi" type="simple" />
            <root url="file://$APPLICATION_HOME_DIR$/plugins/python-ce/helpers/typeshed/stubs/slumber" type="simple" />
            <root url="file://$APPLICATION_HOME_DIR$/plugins/python-ce/helpers/typeshed/stubs/tzlocal" type="simple" />
            <root url="file://$APPLICATION_HOME_DIR$/plugins/python-ce/helpers/typeshed/stubs/vobject" type="simple" />
            <root url="file://$APPLICATION_HOME_DIR$/plugins/python-ce/helpers/typeshed/stubs/aiofiles" type="simple" />
            <root url="file://$APPLICATION_HOME_DIR$/plugins/python-ce/helpers/typeshed/stubs/colorama" type="simple" />
            <root url="file://$APPLICATION_HOME_DIR$/plugins/python-ce/helpers/typeshed/stubs/croniter" type="simple" />
            <root url="file://$APPLICATION_HOME_DIR$/plugins/python-ce/helpers/typeshed/stubs/docutils" type="simple" />
            <root url="file://$APPLICATION_HOME_DIR$/plugins/python-ce/helpers/typeshed/stubs/filelock" type="simple" />
            <root url="file://$APPLICATION_HOME_DIR$/plugins/python-ce/helpers/typeshed/stubs/html5lib" type="simple" />
            <root url="file://$APPLICATION_HOME_DIR$/plugins/python-ce/helpers/typeshed/stubs/httplib2" type="simple" />
            <root url="file://$APPLICATION_HOME_DIR$/plugins/python-ce/helpers/typeshed/stubs/jmespath" type="simple" />
            <root url="file://$APPLICATION_HOME_DIR$/plugins/python-ce/helpers/typeshed/stubs/Markdown" type="simple" />
            <root url="file://$APPLICATION_HOME_DIR$/plugins/python-ce/helpers/typeshed/stubs/oauthlib" type="simple" />
            <root url="file://$APPLICATION_HOME_DIR$/plugins/python-ce/helpers/typeshed/stubs/paramiko" type="simple" />
            <root url="file://$APPLICATION_HOME_DIR$/plugins/python-ce/helpers/typeshed/stubs/psycopg2" type="simple" />
            <root url="file://$APPLICATION_HOME_DIR$/plugins/python-ce/helpers/typeshed/stubs/Pygments" type="simple" />
            <root url="file://$APPLICATION_HOME_DIR$/plugins/python-ce/helpers/typeshed/stubs/requests" type="simple" />
            <root url="file://$APPLICATION_HOME_DIR$/plugins/python-ce/helpers/typeshed/stubs/selenium" type="simple" />
            <root url="file://$APPLICATION_HOME_DIR$/plugins/python-ce/helpers/typeshed/stubs/tabulate" type="simple" />
            <root url="file://$APPLICATION_HOME_DIR$/plugins/python-ce/helpers/typeshed/stubs/toposort" type="simple" />
            <root url="file://$APPLICATION_HOME_DIR$/plugins/python-ce/helpers/typeshed/stubs/waitress" type="simple" />
            <root url="file://$APPLICATION_HOME_DIR$/plugins/python-ce/helpers/typeshed/stubs/Werkzeug" type="simple" />
            <root url="file://$APPLICATION_HOME_DIR$/plugins/python-ce/helpers/typeshed/stubs/braintree" type="simple" />
            <root url="file://$APPLICATION_HOME_DIR$/plugins/python-ce/helpers/typeshed/stubs/decorator" type="simple" />
            <root url="file://$APPLICATION_HOME_DIR$/plugins/python-ce/helpers/typeshed/stubs/freezegun" type="simple" />
            <root url="file://$APPLICATION_HOME_DIR$/plugins/python-ce/helpers/typeshed/stubs/ipaddress" type="simple" />
            <root url="file://$APPLICATION_HOME_DIR$/plugins/python-ce/helpers/typeshed/stubs/pyOpenSSL" type="simple" />
            <root url="file://$APPLICATION_HOME_DIR$/plugins/python-ce/helpers/typeshed/stubs/pyRFC3339" type="simple" />
            <root url="file://$APPLICATION_HOME_DIR$/plugins/python-ce/helpers/typeshed/stubs/termcolor" type="simple" />
            <root url="file://$APPLICATION_HOME_DIR$/plugins/python-ce/helpers/typeshed/stubs/ttkthemes" type="simple" />
            <root url="file://$APPLICATION_HOME_DIR$/plugins/python-ce/helpers/typeshed/stubs/typed-ast" type="simple" />
            <root url="file://$APPLICATION_HOME_DIR$/plugins/python-ce/helpers/typeshed/stubs/cachetools" type="simple" />
            <root url="file://$APPLICATION_HOME_DIR$/plugins/python-ce/helpers/typeshed/stubs/commonmark" type="simple" />
            <root url="file://$APPLICATION_HOME_DIR$/plugins/python-ce/helpers/typeshed/stubs/dateparser" type="simple" />
            <root url="file://$APPLICATION_HOME_DIR$/plugins/python-ce/helpers/typeshed/stubs/Deprecated" type="simple" />
            <root url="file://$APPLICATION_HOME_DIR$/plugins/python-ce/helpers/typeshed/stubs/frozendict" type="simple" />
            <root url="file://$APPLICATION_HOME_DIR$/plugins/python-ce/helpers/typeshed/stubs/jsonschema" type="simple" />
            <root url="file://$APPLICATION_HOME_DIR$/plugins/python-ce/helpers/typeshed/stubs/MarkupSafe" type="simple" />
            <root url="file://$APPLICATION_HOME_DIR$/plugins/python-ce/helpers/typeshed/stubs/pyfarmhash" type="simple" />
            <root url="file://$APPLICATION_HOME_DIR$/plugins/python-ce/helpers/typeshed/stubs/Send2Trash" type="simple" />
            <root url="file://$APPLICATION_HOME_DIR$/plugins/python-ce/helpers/typeshed/stubs/setuptools" type="simple" />
            <root url="file://$APPLICATION_HOME_DIR$/plugins/python-ce/helpers/typeshed/stubs/simplejson" type="simple" />
            <root url="file://$APPLICATION_HOME_DIR$/plugins/python-ce/helpers/typeshed/stubs/contextvars" type="simple" />
            <root url="file://$APPLICATION_HOME_DIR$/plugins/python-ce/helpers/typeshed/stubs/dataclasses" type="simple" />
            <root url="file://$APPLICATION_HOME_DIR$/plugins/python-ce/helpers/typeshed/stubs/entrypoints" type="simple" />
            <root url="file://$APPLICATION_HOME_DIR$/plugins/python-ce/helpers/typeshed/stubs/JACK-Client" type="simple" />
            <root url="file://$APPLICATION_HOME_DIR$/plugins/python-ce/helpers/typeshed/stubs/mysqlclient" type="simple" />
            <root url="file://$APPLICATION_HOME_DIR$/plugins/python-ce/helpers/typeshed/stubs/prettytable" type="simple" />
            <root url="file://$APPLICATION_HOME_DIR$/plugins/python-ce/helpers/typeshed/stubs/python-nmap" type="simple" />
            <root url="file://$APPLICATION_HOME_DIR$/plugins/python-ce/helpers/typeshed/stubs/atomicwrites" type="simple" />
            <root url="file://$APPLICATION_HOME_DIR$/plugins/python-ce/helpers/typeshed/stubs/aws-xray-sdk" type="simple" />
            <root url="file://$APPLICATION_HOME_DIR$/plugins/python-ce/helpers/typeshed/stubs/cryptography" type="simple" />
            <root url="file://$APPLICATION_HOME_DIR$/plugins/python-ce/helpers/typeshed/stubs/editdistance" type="simple" />
            <root url="file://$APPLICATION_HOME_DIR$/plugins/python-ce/helpers/typeshed/stubs/itsdangerous" type="simple" />
            <root url="file://$APPLICATION_HOME_DIR$/plugins/python-ce/helpers/typeshed/stubs/backports_abc" type="simple" />
            <root url="file://$APPLICATION_HOME_DIR$/plugins/python-ce/helpers/typeshed/stubs/click-spinner" type="simple" />
            <root url="file://$APPLICATION_HOME_DIR$/plugins/python-ce/helpers/typeshed/stubs/DateTimeRange" type="simple" />
            <root url="file://$APPLICATION_HOME_DIR$/plugins/python-ce/helpers/typeshed/stubs/humanfriendly" type="simple" />
            <root url="file://$APPLICATION_HOME_DIR$/plugins/python-ce/helpers/typeshed/stubs/python-gflags" type="simple" />
            <root url="file://$APPLICATION_HOME_DIR$/plugins/python-ce/helpers/typeshed/stubs/beautifulsoup4" type="simple" />
            <root url="file://$APPLICATION_HOME_DIR$/plugins/python-ce/helpers/typeshed/stubs/characteristic" type="simple" />
            <root url="file://$APPLICATION_HOME_DIR$/plugins/python-ce/helpers/typeshed/stubs/python-slugify" type="simple" />
            <root url="file://$APPLICATION_HOME_DIR$/plugins/python-ce/helpers/typeshed/stubs/singledispatch" type="simple" />
            <root url="file://$APPLICATION_HOME_DIR$/plugins/python-ce/helpers/typeshed/stubs/mypy-extensions" type="simple" />
            <root url="file://$APPLICATION_HOME_DIR$/plugins/python-ce/helpers/typeshed/stubs/python-dateutil" type="simple" />
            <root url="file://$APPLICATION_HOME_DIR$/plugins/python-ce/helpers/typeshed/stubs/pytest-lazy-fixture" type="simple" />
            <root url="file://$APPLICATION_HOME_DIR$/plugins/python-ce/helpers/typeshed/stubs/backports.ssl_match_hostname" type="simple" />
          </root>
        </classPath>
        <sourcePath>
          <root type="composite" />
        </sourcePath>
      </roots>
      <additional ASSOCIATED_PROJECT_PATH="$USER_HOME$/projects/pyutils" />
    </jdk>
    <jdk version="2">
      <name value="Python 3.7 (base) (5)" />
      <type value="Python SDK" />
      <version value="Python 3.7.11" />
      <homePath value="$USER_HOME$/miniconda3/bin/python" />
      <roots>
        <classPath>
          <root type="composite">
            <root url="file://$USER_HOME$/miniconda3/lib/python3.7" type="simple" />
            <root url="file://$USER_HOME$/miniconda3/lib/python3.7/lib-dynload" type="simple" />
            <root url="file://$USER_HOME$/miniconda3/lib/python3.7/site-packages" type="simple" />
            <root url="file://$USER_HOME$/Library/Caches/JetBrains/PyCharmCE2021.3/python_stubs/709739070" type="simple" />
            <root url="file://$APPLICATION_HOME_DIR$/plugins/python-ce/helpers/python-skeletons" type="simple" />
            <root url="file://$APPLICATION_HOME_DIR$/plugins/python-ce/helpers/typeshed/stdlib" type="simple" />
            <root url="file://$APPLICATION_HOME_DIR$/plugins/python-ce/helpers/typeshed/stubs/six" type="simple" />
            <root url="file://$APPLICATION_HOME_DIR$/plugins/python-ce/helpers/typeshed/stubs/boto" type="simple" />
            <root url="file://$APPLICATION_HOME_DIR$/plugins/python-ce/helpers/typeshed/stubs/mock" type="simple" />
            <root url="file://$APPLICATION_HOME_DIR$/plugins/python-ce/helpers/typeshed/stubs/pytz" type="simple" />
            <root url="file://$APPLICATION_HOME_DIR$/plugins/python-ce/helpers/typeshed/stubs/toml" type="simple" />
            <root url="file://$APPLICATION_HOME_DIR$/plugins/python-ce/helpers/typeshed/stubs/annoy" type="simple" />
            <root url="file://$APPLICATION_HOME_DIR$/plugins/python-ce/helpers/typeshed/stubs/babel" type="simple" />
            <root url="file://$APPLICATION_HOME_DIR$/plugins/python-ce/helpers/typeshed/stubs/click" type="simple" />
            <root url="file://$APPLICATION_HOME_DIR$/plugins/python-ce/helpers/typeshed/stubs/emoji" type="simple" />
            <root url="file://$APPLICATION_HOME_DIR$/plugins/python-ce/helpers/typeshed/stubs/first" type="simple" />
            <root url="file://$APPLICATION_HOME_DIR$/plugins/python-ce/helpers/typeshed/stubs/polib" type="simple" />
            <root url="file://$APPLICATION_HOME_DIR$/plugins/python-ce/helpers/typeshed/stubs/redis" type="simple" />
            <root url="file://$APPLICATION_HOME_DIR$/plugins/python-ce/helpers/typeshed/stubs/retry" type="simple" />
            <root url="file://$APPLICATION_HOME_DIR$/plugins/python-ce/helpers/typeshed/stubs/ujson" type="simple" />
            <root url="file://$APPLICATION_HOME_DIR$/plugins/python-ce/helpers/typeshed/stubs/bleach" type="simple" />
            <root url="file://$APPLICATION_HOME_DIR$/plugins/python-ce/helpers/typeshed/stubs/caldav" type="simple" />
            <root url="file://$APPLICATION_HOME_DIR$/plugins/python-ce/helpers/typeshed/stubs/docopt" type="simple" />
            <root url="file://$APPLICATION_HOME_DIR$/plugins/python-ce/helpers/typeshed/stubs/enum34" type="simple" />
            <root url="file://$APPLICATION_HOME_DIR$/plugins/python-ce/helpers/typeshed/stubs/orjson" type="simple" />
            <root url="file://$APPLICATION_HOME_DIR$/plugins/python-ce/helpers/typeshed/stubs/Pillow" type="simple" />
            <root url="file://$APPLICATION_HOME_DIR$/plugins/python-ce/helpers/typeshed/stubs/psutil" type="simple" />
            <root url="file://$APPLICATION_HOME_DIR$/plugins/python-ce/helpers/typeshed/stubs/pycurl" type="simple" />
            <root url="file://$APPLICATION_HOME_DIR$/plugins/python-ce/helpers/typeshed/stubs/pysftp" type="simple" />
            <root url="file://$APPLICATION_HOME_DIR$/plugins/python-ce/helpers/typeshed/stubs/PyYAML" type="simple" />
            <root url="file://$APPLICATION_HOME_DIR$/plugins/python-ce/helpers/typeshed/stubs/stripe" type="simple" />
            <root url="file://$APPLICATION_HOME_DIR$/plugins/python-ce/helpers/typeshed/stubs/xxhash" type="simple" />
            <root url="file://$APPLICATION_HOME_DIR$/plugins/python-ce/helpers/typeshed/stubs/appdirs" type="simple" />
            <root url="file://$APPLICATION_HOME_DIR$/plugins/python-ce/helpers/typeshed/stubs/certifi" type="simple" />
            <root url="file://$APPLICATION_HOME_DIR$/plugins/python-ce/helpers/typeshed/stubs/chardet" type="simple" />
            <root url="file://$APPLICATION_HOME_DIR$/plugins/python-ce/helpers/typeshed/stubs/futures" type="simple" />
            <root url="file://$APPLICATION_HOME_DIR$/plugins/python-ce/helpers/typeshed/stubs/pyaudio" type="simple" />
            <root url="file://$APPLICATION_HOME_DIR$/plugins/python-ce/helpers/typeshed/stubs/PyMySQL" type="simple" />
            <root url="file://$APPLICATION_HOME_DIR$/plugins/python-ce/helpers/typeshed/stubs/pyvmomi" type="simple" />
            <root url="file://$APPLICATION_HOME_DIR$/plugins/python-ce/helpers/typeshed/stubs/slumber" type="simple" />
            <root url="file://$APPLICATION_HOME_DIR$/plugins/python-ce/helpers/typeshed/stubs/tzlocal" type="simple" />
            <root url="file://$APPLICATION_HOME_DIR$/plugins/python-ce/helpers/typeshed/stubs/vobject" type="simple" />
            <root url="file://$APPLICATION_HOME_DIR$/plugins/python-ce/helpers/typeshed/stubs/aiofiles" type="simple" />
            <root url="file://$APPLICATION_HOME_DIR$/plugins/python-ce/helpers/typeshed/stubs/colorama" type="simple" />
            <root url="file://$APPLICATION_HOME_DIR$/plugins/python-ce/helpers/typeshed/stubs/croniter" type="simple" />
            <root url="file://$APPLICATION_HOME_DIR$/plugins/python-ce/helpers/typeshed/stubs/docutils" type="simple" />
            <root url="file://$APPLICATION_HOME_DIR$/plugins/python-ce/helpers/typeshed/stubs/filelock" type="simple" />
            <root url="file://$APPLICATION_HOME_DIR$/plugins/python-ce/helpers/typeshed/stubs/html5lib" type="simple" />
            <root url="file://$APPLICATION_HOME_DIR$/plugins/python-ce/helpers/typeshed/stubs/httplib2" type="simple" />
            <root url="file://$APPLICATION_HOME_DIR$/plugins/python-ce/helpers/typeshed/stubs/jmespath" type="simple" />
            <root url="file://$APPLICATION_HOME_DIR$/plugins/python-ce/helpers/typeshed/stubs/Markdown" type="simple" />
            <root url="file://$APPLICATION_HOME_DIR$/plugins/python-ce/helpers/typeshed/stubs/oauthlib" type="simple" />
            <root url="file://$APPLICATION_HOME_DIR$/plugins/python-ce/helpers/typeshed/stubs/paramiko" type="simple" />
            <root url="file://$APPLICATION_HOME_DIR$/plugins/python-ce/helpers/typeshed/stubs/psycopg2" type="simple" />
            <root url="file://$APPLICATION_HOME_DIR$/plugins/python-ce/helpers/typeshed/stubs/Pygments" type="simple" />
            <root url="file://$APPLICATION_HOME_DIR$/plugins/python-ce/helpers/typeshed/stubs/requests" type="simple" />
            <root url="file://$APPLICATION_HOME_DIR$/plugins/python-ce/helpers/typeshed/stubs/selenium" type="simple" />
            <root url="file://$APPLICATION_HOME_DIR$/plugins/python-ce/helpers/typeshed/stubs/tabulate" type="simple" />
            <root url="file://$APPLICATION_HOME_DIR$/plugins/python-ce/helpers/typeshed/stubs/toposort" type="simple" />
            <root url="file://$APPLICATION_HOME_DIR$/plugins/python-ce/helpers/typeshed/stubs/waitress" type="simple" />
            <root url="file://$APPLICATION_HOME_DIR$/plugins/python-ce/helpers/typeshed/stubs/Werkzeug" type="simple" />
            <root url="file://$APPLICATION_HOME_DIR$/plugins/python-ce/helpers/typeshed/stubs/braintree" type="simple" />
            <root url="file://$APPLICATION_HOME_DIR$/plugins/python-ce/helpers/typeshed/stubs/decorator" type="simple" />
            <root url="file://$APPLICATION_HOME_DIR$/plugins/python-ce/helpers/typeshed/stubs/freezegun" type="simple" />
            <root url="file://$APPLICATION_HOME_DIR$/plugins/python-ce/helpers/typeshed/stubs/ipaddress" type="simple" />
            <root url="file://$APPLICATION_HOME_DIR$/plugins/python-ce/helpers/typeshed/stubs/pyOpenSSL" type="simple" />
            <root url="file://$APPLICATION_HOME_DIR$/plugins/python-ce/helpers/typeshed/stubs/pyRFC3339" type="simple" />
            <root url="file://$APPLICATION_HOME_DIR$/plugins/python-ce/helpers/typeshed/stubs/termcolor" type="simple" />
            <root url="file://$APPLICATION_HOME_DIR$/plugins/python-ce/helpers/typeshed/stubs/ttkthemes" type="simple" />
            <root url="file://$APPLICATION_HOME_DIR$/plugins/python-ce/helpers/typeshed/stubs/typed-ast" type="simple" />
            <root url="file://$APPLICATION_HOME_DIR$/plugins/python-ce/helpers/typeshed/stubs/cachetools" type="simple" />
            <root url="file://$APPLICATION_HOME_DIR$/plugins/python-ce/helpers/typeshed/stubs/commonmark" type="simple" />
            <root url="file://$APPLICATION_HOME_DIR$/plugins/python-ce/helpers/typeshed/stubs/dateparser" type="simple" />
            <root url="file://$APPLICATION_HOME_DIR$/plugins/python-ce/helpers/typeshed/stubs/Deprecated" type="simple" />
            <root url="file://$APPLICATION_HOME_DIR$/plugins/python-ce/helpers/typeshed/stubs/frozendict" type="simple" />
            <root url="file://$APPLICATION_HOME_DIR$/plugins/python-ce/helpers/typeshed/stubs/jsonschema" type="simple" />
            <root url="file://$APPLICATION_HOME_DIR$/plugins/python-ce/helpers/typeshed/stubs/MarkupSafe" type="simple" />
            <root url="file://$APPLICATION_HOME_DIR$/plugins/python-ce/helpers/typeshed/stubs/pyfarmhash" type="simple" />
            <root url="file://$APPLICATION_HOME_DIR$/plugins/python-ce/helpers/typeshed/stubs/Send2Trash" type="simple" />
            <root url="file://$APPLICATION_HOME_DIR$/plugins/python-ce/helpers/typeshed/stubs/setuptools" type="simple" />
            <root url="file://$APPLICATION_HOME_DIR$/plugins/python-ce/helpers/typeshed/stubs/simplejson" type="simple" />
            <root url="file://$APPLICATION_HOME_DIR$/plugins/python-ce/helpers/typeshed/stubs/contextvars" type="simple" />
            <root url="file://$APPLICATION_HOME_DIR$/plugins/python-ce/helpers/typeshed/stubs/dataclasses" type="simple" />
            <root url="file://$APPLICATION_HOME_DIR$/plugins/python-ce/helpers/typeshed/stubs/entrypoints" type="simple" />
            <root url="file://$APPLICATION_HOME_DIR$/plugins/python-ce/helpers/typeshed/stubs/JACK-Client" type="simple" />
            <root url="file://$APPLICATION_HOME_DIR$/plugins/python-ce/helpers/typeshed/stubs/mysqlclient" type="simple" />
            <root url="file://$APPLICATION_HOME_DIR$/plugins/python-ce/helpers/typeshed/stubs/prettytable" type="simple" />
            <root url="file://$APPLICATION_HOME_DIR$/plugins/python-ce/helpers/typeshed/stubs/python-nmap" type="simple" />
            <root url="file://$APPLICATION_HOME_DIR$/plugins/python-ce/helpers/typeshed/stubs/atomicwrites" type="simple" />
            <root url="file://$APPLICATION_HOME_DIR$/plugins/python-ce/helpers/typeshed/stubs/aws-xray-sdk" type="simple" />
            <root url="file://$APPLICATION_HOME_DIR$/plugins/python-ce/helpers/typeshed/stubs/cryptography" type="simple" />
            <root url="file://$APPLICATION_HOME_DIR$/plugins/python-ce/helpers/typeshed/stubs/editdistance" type="simple" />
            <root url="file://$APPLICATION_HOME_DIR$/plugins/python-ce/helpers/typeshed/stubs/itsdangerous" type="simple" />
            <root url="file://$APPLICATION_HOME_DIR$/plugins/python-ce/helpers/typeshed/stubs/backports_abc" type="simple" />
            <root url="file://$APPLICATION_HOME_DIR$/plugins/python-ce/helpers/typeshed/stubs/click-spinner" type="simple" />
            <root url="file://$APPLICATION_HOME_DIR$/plugins/python-ce/helpers/typeshed/stubs/DateTimeRange" type="simple" />
            <root url="file://$APPLICATION_HOME_DIR$/plugins/python-ce/helpers/typeshed/stubs/humanfriendly" type="simple" />
            <root url="file://$APPLICATION_HOME_DIR$/plugins/python-ce/helpers/typeshed/stubs/python-gflags" type="simple" />
            <root url="file://$APPLICATION_HOME_DIR$/plugins/python-ce/helpers/typeshed/stubs/beautifulsoup4" type="simple" />
            <root url="file://$APPLICATION_HOME_DIR$/plugins/python-ce/helpers/typeshed/stubs/characteristic" type="simple" />
            <root url="file://$APPLICATION_HOME_DIR$/plugins/python-ce/helpers/typeshed/stubs/python-slugify" type="simple" />
            <root url="file://$APPLICATION_HOME_DIR$/plugins/python-ce/helpers/typeshed/stubs/singledispatch" type="simple" />
            <root url="file://$APPLICATION_HOME_DIR$/plugins/python-ce/helpers/typeshed/stubs/mypy-extensions" type="simple" />
            <root url="file://$APPLICATION_HOME_DIR$/plugins/python-ce/helpers/typeshed/stubs/python-dateutil" type="simple" />
            <root url="file://$APPLICATION_HOME_DIR$/plugins/python-ce/helpers/typeshed/stubs/pytest-lazy-fixture" type="simple" />
            <root url="file://$APPLICATION_HOME_DIR$/plugins/python-ce/helpers/typeshed/stubs/backports.ssl_match_hostname" type="simple" />
          </root>
        </classPath>
        <sourcePath>
          <root type="composite" />
        </sourcePath>
      </roots>
      <additional />
    </jdk>
  </component>
</application>